{"name":"58e48474-f8fd-45d8-a9f2-b8c5c8420798","id":"/providers/Microsoft.Flow/flows/58e48474-f8fd-45d8-a9f2-b8c5c8420798","type":"Microsoft.Flow/flows","properties":{"apiId":"/providers/Microsoft.PowerApps/apis/shared_logicflows","displayName":"PGCM_QC_446_Albert_ACC_Reports_00","definition":{"metadata":{"workflowEntityId":null,"processAdvisorMetadata":null,"flowChargedByPaygo":null,"flowclientsuspensionreason":"None","flowclientsuspensiontime":null,"flowclientsuspensionreasondetails":null,"creator":{"id":"748dd2ba-a0d1-4c96-9cbd-17b8b81e8a7f","type":"User","tenantId":"841fcfbd-57e6-4e52-baef-c2a56c02ccd5"},"provisioningMethod":"FromDefinition","failureAlertSubscription":true,"clientLastModifiedTime":"2024-01-16T15:22:56.734632Z","connectionKeySavedTimeKey":"2024-01-16T15:22:56.734632Z"},"$schema":"https://schema.management.azure.com/providers/Microsoft.Logic/schemas/2016-06-01/workflowdefinition.json#","contentVersion":"1.0.0.0","parameters":{"$authentication":{"defaultValue":{},"type":"SecureObject"},"$connections":{"defaultValue":{},"type":"Object"}},"triggers":{"Recurrence":{"recurrence":{"frequency":"Day","interval":1,"timeZone":"Eastern Standard Time","startTime":"2023-11-11T08:00:00.000Z","schedule":{"hours":["8"],"minutes":[0]}},"metadata":{"operationMetadataId":"17d25aaa-3ba8-4023-8c6b-06b7b71e9fe5"},"type":"Recurrence"}},"actions":{"DayOfTheWeek":{"runAfter":{},"metadata":{"operationMetadataId":"79d9d501-757d-48d3-af88-572e72acde8c"},"type":"InitializeVariable","inputs":{"variables":[{"name":"DayOfWeek","type":"array","value":["Monday","Tuesday","Wednesday","Thursday","Friday","Saturday","Sunday"]}]}},"UtcNow":{"runAfter":{"DayOfTheWeek":["Succeeded"]},"metadata":{"operationMetadataId":"ed48f542-ff95-4452-bf7a-d23d8fe161f5"},"type":"Compose","inputs":"@utcNow()"},"Get_a_day_of_week_number":{"runAfter":{"UtcNow":["Succeeded"]},"metadata":{"operationMetadataId":"45d9fed5-92b2-47b9-977d-ccd809aa6638"},"type":"Compose","inputs":"@dayOfWeek(outputs('UtcNow'))"},"Get_a_day_of_week_name":{"runAfter":{"Get_a_day_of_week_number":["Succeeded"]},"metadata":{"operationMetadataId":"20daa7ff-c234-4e17-b1c4-8a71640ed3d6"},"type":"Compose","inputs":"@variables('DayOfWeek')[sub(outputs('Get_a_day_of_week_number'),1)]"},"Condition":{"actions":{},"runAfter":{"Get_a_day_of_week_name":["Succeeded"]},"else":{"actions":{"Send_an_email_from_shared_mailbox_34_Hickory":{"metadata":{"operationMetadataId":"62bda611-c274-41e9-b8db-9c16864645c4"},"type":"OpenApiConnection","inputs":{"parameters":{"emailMessage/MailboxAddress":"QualityControl@pricagroupcm.com","emailMessage/To":"mtubin@pgdstudio.com;","emailMessage/Subject":"34 Hickory St - Construction Reports","emailMessage/Body":"<h4><span style=\"white-space: pre-wrap;\">Hello,</span></h4><h4><span style=\"white-space: pre-wrap;\">Please review the reports and let us know if there are any extraordinary items.</span><a href=\"https://pgcm-qc.github.io/pg_acc_reports/34hickory_waterloo\"><br><br></a><a href=\"https://pgcm-qc.github.io/pg_acc_reports/34hickory_waterloo\"><span style=\"white-space: pre-wrap;\">34 Hickory St - Report Hub</span></a><a href=\"https://app.powerbi.com/view?r=eyJrIjoiMTI1OWQ4N2MtNTdmNi00NTQxLWJhZDctOGZmMDA4NjM5MjczIiwidCI6Ijg0MWZjZmJkLTU3ZTYtNGU1Mi1iYWVmLWMyYTU2YzAyY2NkNSJ9\"><span style=\"white-space: pre-wrap;\">Daily Reports</span></a><a href=\"https://app.powerbi.com/view?r=eyJrIjoiZGE5YTA3YTgtNjg3MC00ZWE1LWFmY2MtNzM3YmY0MjI1ODg2IiwidCI6Ijg0MWZjZmJkLTU3ZTYtNGU1Mi1iYWVmLWMyYTU2YzAyY2NkNSJ9\"><span style=\"white-space: pre-wrap;\">Health &amp; Safety Report</span></a><a href=\"https://app.powerbi.com/view?r=eyJrIjoiMmIyZTU1NDYtODFhZS00OWM5LWE4NzMtNjhjOTVlN2Y2YjY3IiwidCI6Ijg0MWZjZmJkLTU3ZTYtNGU1Mi1iYWVmLWMyYTU2YzAyY2NkNSJ9\"><span style=\"white-space: pre-wrap;\">Issues</span></a><a href=\"https://app.powerbi.com/view?r=eyJrIjoiZjM4YjFmNmQtMjAzOS00YzYzLWE2ZjQtODE1NmViMDYzYTI0IiwidCI6Ijg0MWZjZmJkLTU3ZTYtNGU1Mi1iYWVmLWMyYTU2YzAyY2NkNSJ9\"><span style=\"white-space: pre-wrap;\">RFIs</span></a><a href=\"https://app.powerbi.com/view?r=eyJrIjoiNGIxM2EyMjAtYTZhYy00MzY2LTk1MzYtOGEzNGIwOWJjNTE1IiwidCI6Ijg0MWZjZmJkLTU3ZTYtNGU1Mi1iYWVmLWMyYTU2YzAyY2NkNSJ9\"><span style=\"white-space: pre-wrap;\">Submittals</span></a><a href=\"https://app.powerbi.com/view?r=eyJrIjoiNzRkOTBhMzUtZmI1MS00NjQ2LTg5YjgtYzM2ZjY4MWFmMmUzIiwidCI6Ijg0MWZjZmJkLTU3ZTYtNGU1Mi1iYWVmLWMyYTU2YzAyY2NkNSJ9\"><span style=\"white-space: pre-wrap;\">QC Inspections</span></a><a href=\"https://app.powerbi.com/view?r=eyJrIjoiZDA0ZGU3YjAtMGNhZS00NmQ1LTkyZjYtMmY1YmUxODI1OTQ2IiwidCI6Ijg0MWZjZmJkLTU3ZTYtNGU1Mi1iYWVmLWMyYTU2YzAyY2NkNSJ9\"><span style=\"white-space: pre-wrap;\">Subcontr. Sign Off Forms</span></a><a href=\"https://app.powerbi.com/view?r=eyJrIjoiYTRkZDI3YjktMjQyZi00YzY5LWExMjAtNWU0NGNlN2EyMWExIiwidCI6Ijg0MWZjZmJkLTU3ZTYtNGU1Mi1iYWVmLWMyYTU2YzAyY2NkNSJ9\"><span style=\"white-space: pre-wrap;\">PDI Report</span></a><a href=\"https://app.powerbi.com/view?r=eyJrIjoiZDkxZDczODAtMTExNi00ZTZkLWI4N2YtMmQwNDcyMzBkOTBiIiwidCI6Ijg0MWZjZmJkLTU3ZTYtNGU1Mi1iYWVmLWMyYTU2YzAyY2NkNSJ9\"><span style=\"white-space: pre-wrap;\">Reviews</span></a><span style=\"white-space: pre-wrap;\">the </span></h4>","emailMessage/Importance":"Normal"},"host":{"apiId":"/providers/Microsoft.PowerApps/apis/shared_office365","connectionName":"shared_office365","operationId":"SharedMailboxSendEmailV2"},"authentication":"@parameters('$authentication')"}}}},"expression":{"or":[{"equals":["@outputs('Get_a_day_of_week_name')","Saturday"]},{"equals":["@outputs('Get_a_day_of_week_number')",0]}]},"metadata":{"operationMetadataId":"bdb2d37e-f71b-426a-b3b9-62e9247a6020"},"type":"If"}},"description":"Flow for sending emails from qualitycontrol"},"connectionReferences":{"shared_office365":{"connectionName":"7c70c5c04c834eb7a98448c69921a2f4","source":"Embedded","id":"/providers/Microsoft.PowerApps/apis/shared_office365","tier":"NotSpecified"}},"flowFailureAlertSubscribed":false,"isManaged":false}}